neighborhood,term,day,d7,prev7,velocity,rain_lift,designer,season
Williamsburg,ballet flats,2025-08-09,6.0,1.0,5.0,0.9578947368421050,Miu Miu,SS25
Williamsburg,ballet flats,2025-08-09,6.0,1.0,5.0,0.9578947368421050,Gucci,SS25
SoHo,ballet flats,2025-08-09,5.0,3.0,0.6666666666666670,0.9578947368421050,Miu Miu,SS25
SoHo,ballet flats,2025-08-09,5.0,3.0,0.6666666666666670,0.9578947368421050,Gucci,SS25
SoHo,metallic,2025-08-09,8.0,7.0,0.14285714285714300,0.9835714285714290,Miu Miu,SS25
SoHo,metallic,2025-08-09,8.0,7.0,0.14285714285714300,0.9835714285714290,Blumarine,SS25
Williamsburg,neon green,2025-08-09,19.0,17.0,0.11764705882352900,1.0276845637583900,Prada,SS25
Williamsburg,neon green,2025-08-09,19.0,17.0,0.11764705882352900,1.0276845637583900,Gucci,SS25
SoHo,neon green,2025-08-09,7.0,21.0,-0.6666666666666670,1.0276845637583900,Prada,SS25
SoHo,neon green,2025-08-09,7.0,21.0,-0.6666666666666670,1.0276845637583900,Gucci,SS25
Williamsburg,metallic,2025-08-09,2.0,6.0,-0.6666666666666670,0.9835714285714290,Miu Miu,SS25
Williamsburg,metallic,2025-08-09,2.0,6.0,-0.6666666666666670,0.9835714285714290,Blumarine,SS25