listing_id,platform,title,brand,color,price,created_at,lon,lat,tags
L5000,depop,Square-toe flats,Coach,black,61.25,2025-06-15T19:46:00Z,-73.951695,40.711464,"[""ballet flats"", ""ballerina flats""]"
L5001,vinted,Ballerina flats,Aritzia,black,141.09,2025-06-15T11:22:00Z,-73.995389,40.723106,"[""ballet flats"", ""mary jane""]"
L5002,vinted,Metallic shoulder bag,H&M,silver,112.63,2025-06-15T18:58:00Z,-73.995956,40.72141,"[""metallic""]"
L5003,ebay,Metallic shoulder bag,Aritzia,silver,84.97,2025-06-15T14:52:00Z,-73.996666,40.720651,"[""metallic""]"
L5004,vinted,Neon green top,Mango,neon green,68.24,2025-06-15T00:56:00Z,-73.955894,40.719169,"[""neon green""]"
L5005,poshmark,Metallic shoulder bag,Reformation,silver,87.96,2025-06-16T18:54:00Z,-73.999977,40.721483,"[""metallic"", ""foil""]"
L5006,ebay,Silver tote,Zara,silver,55.95,2025-06-16T10:53:00Z,-73.960906,40.72906,"[""metallic"", ""silver"", ""bag""]"
L5007,grailed,Ballerina flats,Zara,black,176.91,2025-06-16T07:58:00Z,-73.962843,40.727233,"[""ballet flats"", ""mary jane""]"
L5008,grailed,Ballet flats,Urban Outfitters,black,132.51,2025-06-16T08:43:00Z,-73.999028,40.720896,"[""ballet flats""]"
L5009,poshmark,Chrome baguette bag,ASOS,silver,121.54,2025-06-16T00:28:00Z,-73.957568,40.719459,"[""metallic"", ""foil""]"
L5010,grailed,Mary Jane flats,Prada,black,100.51,2025-06-17T05:13:00Z,-74.001098,40.721913,"[""ballet flats"", ""ballerina flats""]"
L5011,ebay,Neon dress,Urban Outfitters,neon green,24.22,2025-06-17T02:37:00Z,-73.997963,40.723081,"[""neon green"", ""acid green"", ""top""]"
L5012,ebay,Ballet flats,Mango,black,72.64,2025-06-17T16:46:00Z,-73.962797,40.716283,"[""ballet flats""]"
L5013,ebay,Chrome baguette bag,Zara,silver,28.87,2025-06-17T22:55:00Z,-73.995931,40.72261,"[""metallic"", ""silver"", ""bag""]"
L5014,poshmark,Ballerina flats,Urban Outfitters,black,154.49,2025-06-17T17:37:00Z,-74.001832,40.722778,"[""ballet flats"", ""mary jane""]"
L5015,grailed,Foil mini bag,Miu Miu,silver,42.64,2025-06-17T05:48:00Z,-73.950049,40.716269,"[""metallic"", ""bag""]"
L5016,poshmark,Foil mini bag,Reformation,silver,62.38,2025-06-17T12:12:00Z,-73.948572,40.719112,"[""metallic"", ""silver""]"
L5017,ebay,Ballet flats,Prada,black,173.16,2025-06-17T06:05:00Z,-74.002607,40.726118,"[""ballet flats""]"
L5018,grailed,Chrome baguette bag,Miu Miu,silver,62.96,2025-06-17T14:45:00Z,-74.002294,40.721014,"[""metallic"", ""bag""]"
L5019,vinted,Ballet flats,Reformation,black,129.13,2025-06-18T20:21:00Z,-73.961465,40.726941,"[""ballet flats"", ""ballerina flats""]"
L5020,poshmark,Foil mini bag,Zara,silver,141.27,2025-06-18T13:37:00Z,-73.997239,40.721841,"[""metallic"", ""chrome""]"
L5021,vinted,Square-toe flats,H&M,black,62.64,2025-06-18T13:01:00Z,-73.950503,40.715498,"[""ballet flats"", ""ballerina flats""]"
L5022,grailed,Metallic shoulder bag,Zara,silver,38.35,2025-06-18T08:16:00Z,-73.9998,40.72676,"[""metallic""]"
L5023,ebay,Acid green skirt,Reformation,neon green,44.73,2025-06-18T21:44:00Z,-73.948136,40.727845,"[""neon green"", ""acid green""]"
L5024,grailed,Ballerina flats,Mango,black,161.6,2025-06-18T16:09:00Z,-73.949721,40.716071,"[""ballet flats"", ""ballerina flats""]"
L5025,grailed,Ballet flats,Reformation,black,79.61,2025-06-18T09:02:00Z,-73.953036,40.727807,"[""ballet flats"", ""ballerina flats""]"
L5026,depop,Ballerina flats,Aritzia,black,75.09,2025-06-18T11:47:00Z,-73.960062,40.721491,"[""ballet flats"", ""ballerina flats""]"
L5027,depop,Metallic shoulder bag,H&M,silver,109.85,2025-06-18T03:08:00Z,-73.995132,40.72864,"[""metallic"", ""silver"", ""bag""]"
L5028,vinted,Ballet flats,Reformation,black,105.79,2025-06-19T16:18:00Z,-74.004697,40.724338,"[""ballet flats"", ""mary jane""]"
L5029,ebay,Ballet flats,Coach,black,121.16,2025-06-19T10:09:00Z,-73.95385,40.728941,"[""ballet flats"", ""ballerina flats""]"
L5030,ebay,Silver tote,Reformation,silver,71.29,2025-06-19T06:57:00Z,-73.961254,40.718513,"[""metallic"", ""chrome"", ""bag""]"
L5031,grailed,Foil mini bag,Urban Outfitters,silver,80.77,2025-06-19T06:06:00Z,-73.96223,40.727094,"[""metallic"", ""silver"", ""bag""]"
L5032,depop,Foil mini bag,H&M,silver,128.49,2025-06-19T17:07:00Z,-74.003648,40.720416,"[""metallic"", ""chrome""]"
L5033,poshmark,Chrome baguette bag,Coach,silver,65.94,2025-06-19T03:55:00Z,-73.954718,40.713409,"[""metallic"", ""bag""]"
L5034,vinted,Foil mini bag,Reformation,silver,77.88,2025-06-20T01:52:00Z,-73.999166,40.726107,"[""metallic"", ""bag""]"
L5035,vinted,Silver tote,Prada,silver,89.31,2025-06-20T12:14:00Z,-73.949011,40.710473,"[""metallic""]"
L5036,depop,Silver tote,Aritzia,silver,92.31,2025-06-20T19:06:00Z,-73.963032,40.710153,"[""metallic"", ""foil""]"
L5037,depop,Silver tote,Aritzia,silver,108.69,2025-06-20T03:51:00Z,-73.951209,40.711245,"[""metallic"", ""foil"", ""bag""]"
L5038,grailed,Neon dress,H&M,neon green,34.16,2025-06-20T07:49:00Z,-73.997259,40.721284,"[""neon green"", ""acid green""]"
L5039,vinted,Foil mini bag,Miu Miu,silver,70.26,2025-06-20T03:39:00Z,-73.952906,40.720366,"[""metallic"", ""bag""]"
L5040,vinted,Mary Jane flats,Zara,black,151.27,2025-06-20T16:21:00Z,-74.004734,40.724647,"[""ballet flats""]"
L5041,poshmark,Silver tote,ASOS,silver,29.9,2025-06-20T22:00:00Z,-74.000972,40.724196,"[""metallic"", ""chrome""]"
L5042,ebay,Chrome baguette bag,ASOS,silver,100.82,2025-06-20T10:41:00Z,-73.998901,40.720406,"[""metallic"", ""foil"", ""bag""]"
L5043,poshmark,Mary Jane flats,Aritzia,black,60.16,2025-06-20T10:41:00Z,-73.961605,40.729625,"[""ballet flats""]"
L5044,ebay,Ballet flats,Urban Outfitters,black,89.24,2025-06-21T00:50:00Z,-74.003041,40.724019,"[""ballet flats"", ""mary jane flat""]"
L5045,grailed,Foil mini bag,Urban Outfitters,silver,137.61,2025-06-21T22:00:00Z,-73.955967,40.711543,"[""metallic"", ""chrome""]"
L5046,grailed,Ballerina flats,Reformation,black,83.59,2025-06-21T03:29:00Z,-73.963398,40.719869,"[""ballet flats"", ""mary jane flat""]"
L5047,poshmark,Chrome baguette bag,Reformation,silver,134.02,2025-06-21T22:30:00Z,-73.995918,40.724703,"[""metallic"", ""bag""]"
L5048,poshmark,Neon green top,Prada,neon green,105.59,2025-06-21T06:43:00Z,-73.999606,40.727117,"[""neon green""]"
L5049,vinted,Silver tote,H&M,silver,118.39,2025-06-21T12:13:00Z,-74.004806,40.728124,"[""metallic"", ""silver""]"
L5050,grailed,Lime cami,Aritzia,neon green,114.67,2025-06-21T18:44:00Z,-73.997058,40.721113,"[""neon green"", ""acid green""]"
L5051,ebay,Ballerina flats,ASOS,black,85.11,2025-06-21T20:17:00Z,-73.997422,40.721695,"[""ballet flats""]"
L5052,vinted,Foil mini bag,ASOS,silver,71.2,2025-06-22T09:14:00Z,-73.949801,40.722982,"[""metallic"", ""chrome"", ""bag""]"
L5053,poshmark,Ballerina flats,Urban Outfitters,black,116.35,2025-06-22T19:46:00Z,-73.948253,40.716063,"[""ballet flats"", ""ballerina flats""]"
L5054,poshmark,Ballerina flats,Miu Miu,black,112.0,2025-06-22T19:55:00Z,-73.95661,40.727564,"[""ballet flats""]"
L5055,poshmark,Silver tote,H&M,silver,147.24,2025-06-22T07:50:00Z,-74.001473,40.721315,"[""metallic"", ""foil""]"
L5056,grailed,Square-toe flats,Urban Outfitters,black,135.53,2025-06-22T04:15:00Z,-73.958842,40.719543,"[""ballet flats"", ""ballerina flats""]"
L5057,poshmark,Ballet flats,Zara,black,68.5,2025-06-22T11:37:00Z,-73.99844,40.727883,"[""ballet flats""]"
L5058,depop,Silver tote,Zara,silver,30.85,2025-06-22T04:14:00Z,-73.962852,40.710835,"[""metallic"", ""foil""]"
L5059,grailed,Silver tote,Coach,silver,138.62,2025-06-22T11:45:00Z,-73.957608,40.719338,"[""metallic""]"
L5060,ebay,Silver tote,Prada,silver,143.82,2025-06-22T15:06:00Z,-73.950162,40.716337,"[""metallic""]"
L5061,ebay,Foil mini bag,Prada,silver,130.22,2025-06-23T19:39:00Z,-73.963447,40.716993,"[""metallic"", ""silver""]"
L5062,ebay,Neon green top,Zara,neon green,17.18,2025-06-23T13:24:00Z,-74.000857,40.727651,"[""neon green"", ""acid green""]"
L5063,ebay,Metallic shoulder bag,Urban Outfitters,silver,94.28,2025-06-23T22:19:00Z,-73.995835,40.720982,"[""metallic""]"
L5064,poshmark,Foil mini bag,Reformation,silver,70.41,2025-06-23T10:30:00Z,-73.995958,40.729126,"[""metallic"", ""silver""]"
L5065,depop,Lime cami,Aritzia,neon green,67.28,2025-06-23T05:47:00Z,-73.948387,40.722403,"[""neon green"", ""lime""]"
L5066,ebay,Lime cami,H&M,neon green,109.92,2025-06-23T10:48:00Z,-73.962865,40.721964,"[""neon green"", ""top""]"
L5067,vinted,Chrome baguette bag,H&M,silver,107.85,2025-06-23T18:54:00Z,-73.999838,40.725065,"[""metallic"", ""bag""]"
L5068,poshmark,Silver tote,ASOS,silver,139.22,2025-06-24T09:39:00Z,-73.960294,40.71163,"[""metallic"", ""silver""]"
L5069,poshmark,Neon dress,Reformation,neon green,100.34,2025-06-24T22:25:00Z,-74.002602,40.728951,"[""neon green""]"
L5070,grailed,Silver tote,Reformation,silver,144.26,2025-06-24T12:12:00Z,-73.961325,40.721832,"[""metallic""]"
L5071,depop,Chrome baguette bag,Zara,silver,82.01,2025-06-24T10:36:00Z,-74.004917,40.723198,"[""metallic"", ""bag""]"
L5072,grailed,Foil mini bag,Prada,silver,99.25,2025-06-24T16:56:00Z,-73.996635,40.721975,"[""metallic"", ""bag""]"
L5073,poshmark,Silver tote,Mango,silver,87.62,2025-06-24T06:52:00Z,-73.959058,40.717751,"[""metallic"", ""bag""]"
L5074,grailed,Chrome baguette bag,Zara,silver,52.15,2025-06-25T09:26:00Z,-73.954788,40.712881,"[""metallic"", ""silver"", ""bag""]"
L5075,poshmark,Chrome baguette bag,H&M,silver,141.65,2025-06-25T07:10:00Z,-73.95773,40.714206,"[""metallic"", ""chrome"", ""bag""]"
L5076,depop,Silver tote,Coach,silver,141.04,2025-06-25T04:22:00Z,-73.958122,40.710499,"[""metallic"", ""silver""]"
L5077,depop,Silver tote,Reformation,silver,144.44,2025-06-25T17:55:00Z,-74.004347,40.729552,"[""metallic""]"
L5078,vinted,Ballerina flats,Prada,black,88.35,2025-06-25T08:17:00Z,-73.9965,40.726365,"[""ballet flats""]"
L5079,ebay,Silver tote,Mango,silver,25.04,2025-06-25T02:39:00Z,-73.955687,40.722427,"[""metallic"", ""foil"", ""bag""]"
L5080,poshmark,Acid green skirt,Prada,neon green,33.22,2025-06-25T02:31:00Z,-73.953875,40.711132,"[""neon green"", ""acid green"", ""top""]"
L5081,grailed,Foil mini bag,Coach,silver,124.94,2025-06-25T05:17:00Z,-73.956278,40.716081,"[""metallic"", ""bag""]"
L5082,ebay,Lime cami,Reformation,neon green,25.67,2025-06-26T16:55:00Z,-74.004893,40.72238,"[""neon green"", ""acid green""]"
L5083,grailed,Mary Jane flats,ASOS,black,138.84,2025-06-26T18:26:00Z,-73.956855,40.711512,"[""ballet flats""]"
L5084,vinted,Silver tote,Prada,silver,86.52,2025-06-26T20:27:00Z,-73.951214,40.720533,"[""metallic"", ""chrome"", ""bag""]"
L5085,poshmark,Chrome baguette bag,H&M,silver,138.99,2025-06-26T06:18:00Z,-73.998955,40.720456,"[""metallic"", ""chrome"", ""bag""]"
L5086,vinted,Chrome baguette bag,Coach,silver,137.74,2025-06-27T18:39:00Z,-73.99899,40.729773,"[""metallic"", ""foil"", ""bag""]"
L5087,depop,Foil mini bag,Miu Miu,silver,127.4,2025-06-27T11:31:00Z,-73.963087,40.717829,"[""metallic"", ""foil""]"
L5088,grailed,Chrome baguette bag,Coach,silver,40.49,2025-06-27T02:58:00Z,-73.959928,40.720268,"[""metallic"", ""chrome""]"
L5089,ebay,Foil mini bag,Urban Outfitters,silver,112.84,2025-06-27T02:32:00Z,-73.961168,40.719355,"[""metallic"", ""chrome""]"
L5090,grailed,Silver tote,Zara,silver,144.2,2025-06-27T03:38:00Z,-74.003645,40.727786,"[""metallic"", ""chrome""]"
L5091,grailed,Metallic shoulder bag,Zara,silver,115.48,2025-06-27T20:25:00Z,-73.999044,40.723638,"[""metallic"", ""silver"", ""bag""]"
L5092,poshmark,Metallic shoulder bag,Aritzia,silver,64.84,2025-06-27T22:20:00Z,-73.956742,40.723745,"[""metallic"", ""silver""]"
L5093,ebay,Square-toe flats,Mango,black,92.76,2025-06-28T22:54:00Z,-73.956177,40.715859,"[""ballet flats"", ""ballerina flats""]"
L5094,depop,Metallic shoulder bag,Mango,silver,40.97,2025-06-28T03:01:00Z,-73.99613,40.721426,"[""metallic"", ""bag""]"
L5095,ebay,Silver tote,Zara,silver,25.13,2025-06-28T17:55:00Z,-74.00047,40.72701,"[""metallic"", ""bag""]"
L5096,vinted,Square-toe flats,ASOS,black,70.83,2025-06-28T05:46:00Z,-73.996115,40.728425,"[""ballet flats"", ""ballerina flats""]"
L5097,vinted,Foil mini bag,Miu Miu,silver,93.19,2025-06-28T05:54:00Z,-73.998301,40.729537,"[""metallic"", ""silver""]"
L5098,poshmark,Metallic shoulder bag,Reformation,silver,83.11,2025-06-28T08:37:00Z,-74.001353,40.722947,"[""metallic""]"
L5099,grailed,Acid green skirt,ASOS,neon green,89.1,2025-06-28T08:05:00Z,-73.999925,40.721585,"[""neon green"", ""lime""]"
L5100,grailed,Chrome baguette bag,ASOS,silver,54.39,2025-06-28T20:04:00Z,-74.002821,40.72159,"[""metallic""]"
L5101,grailed,Metallic shoulder bag,H&M,silver,114.37,2025-06-28T00:37:00Z,-73.963596,40.725328,"[""metallic"", ""bag""]"
L5102,vinted,Ballet flats,H&M,black,136.05,2025-06-28T14:22:00Z,-73.999588,40.724033,"[""ballet flats""]"
L5103,vinted,Silver tote,Miu Miu,silver,64.37,2025-06-28T08:33:00Z,-73.997798,40.727269,"[""metallic"", ""foil""]"
L5104,vinted,Metallic shoulder bag,H&M,silver,89.02,2025-06-28T08:31:00Z,-74.001295,40.720342,"[""metallic"", ""bag""]"
L5105,ebay,Metallic shoulder bag,Urban Outfitters,silver,113.57,2025-06-29T22:52:00Z,-74.0038,40.726925,"[""metallic"", ""bag""]"
L5106,poshmark,Neon green top,Aritzia,neon green,101.25,2025-06-29T13:30:00Z,-73.962036,40.710791,"[""neon green"", ""acid green"", ""top""]"
L5107,poshmark,Chrome baguette bag,Urban Outfitters,silver,118.29,2025-06-29T09:39:00Z,-73.951415,40.720234,"[""metallic"", ""bag""]"
L5108,vinted,Silver tote,Reformation,silver,76.64,2025-06-29T17:02:00Z,-73.997241,40.728532,"[""metallic"", ""silver""]"
L5109,ebay,Ballet flats,Reformation,black,71.27,2025-06-29T14:46:00Z,-73.951628,40.722991,"[""ballet flats"", ""mary jane flat"", ""mary jane""]"
L5110,grailed,Ballerina flats,Zara,black,113.66,2025-06-30T06:16:00Z,-73.963643,40.71872,"[""ballet flats"", ""mary jane flat"", ""mary jane""]"
L5111,vinted,Chrome baguette bag,Coach,silver,71.26,2025-06-30T04:21:00Z,-73.953617,40.72946,"[""metallic""]"
L5112,depop,Square-toe flats,Zara,black,115.18,2025-06-30T01:36:00Z,-73.996008,40.725909,"[""ballet flats""]"
L5113,vinted,Foil mini bag,Miu Miu,silver,123.6,2025-06-30T02:44:00Z,-74.001692,40.727557,"[""metallic"", ""chrome"", ""bag""]"
L5114,ebay,Foil mini bag,Urban Outfitters,silver,126.95,2025-07-01T14:10:00Z,-73.962377,40.729098,"[""metallic"", ""silver"", ""bag""]"
L5115,grailed,Chrome baguette bag,Coach,silver,143.03,2025-07-01T13:25:00Z,-73.959459,40.712398,"[""metallic""]"
L5116,grailed,Foil mini bag,ASOS,silver,57.44,2025-07-01T07:24:00Z,-73.95244,40.714959,"[""metallic"", ""silver"", ""bag""]"
L5117,grailed,Ballet flats,Reformation,black,165.44,2025-07-01T05:05:00Z,-74.004589,40.725406,"[""ballet flats""]"
L5118,poshmark,Neon dress,Urban Outfitters,neon green,103.06,2025-07-01T13:03:00Z,-73.956505,40.720785,"[""neon green"", ""lime""]"
L5119,depop,Metallic shoulder bag,Aritzia,silver,71.92,2025-07-01T14:40:00Z,-73.955123,40.722003,"[""metallic"", ""bag""]"
L5120,ebay,Foil mini bag,Reformation,silver,26.43,2025-07-01T07:12:00Z,-73.998572,40.721281,"[""metallic"", ""bag""]"
L5121,vinted,Chrome baguette bag,Aritzia,silver,58.38,2025-07-02T03:54:00Z,-74.001746,40.726395,"[""metallic"", ""silver"", ""bag""]"
L5122,vinted,Silver tote,Urban Outfitters,silver,40.66,2025-07-02T06:24:00Z,-73.996793,40.720968,"[""metallic"", ""foil""]"
L5123,grailed,Metallic shoulder bag,Aritzia,silver,44.24,2025-07-02T13:35:00Z,-74.004202,40.72075,"[""metallic""]"
L5124,ebay,Silver tote,Mango,silver,120.64,2025-07-02T14:28:00Z,-73.958085,40.728138,"[""metallic"", ""silver"", ""bag""]"
L5125,grailed,Square-toe flats,Reformation,black,149.22,2025-07-03T04:45:00Z,-74.000244,40.721166,"[""ballet flats"", ""ballerina flats""]"
L5126,ebay,Ballet flats,H&M,black,135.97,2025-07-03T22:30:00Z,-73.960353,40.71722,"[""ballet flats"", ""ballerina flats""]"
L5127,grailed,Silver tote,ASOS,silver,43.56,2025-07-03T21:19:00Z,-73.998598,40.723885,"[""metallic"", ""silver"", ""bag""]"
L5128,depop,Foil mini bag,Zara,silver,59.12,2025-07-03T00:26:00Z,-74.004341,40.727295,"[""metallic"", ""silver""]"
L5129,vinted,Ballerina flats,Aritzia,black,153.53,2025-07-04T08:11:00Z,-73.962531,40.714074,"[""ballet flats""]"
L5130,ebay,Neon green top,H&M,neon green,28.55,2025-07-04T15:33:00Z,-74.002926,40.729553,"[""neon green"", ""acid green""]"
L5131,depop,Foil mini bag,ASOS,silver,95.1,2025-07-04T00:20:00Z,-74.001771,40.721357,"[""metallic"", ""foil"", ""bag""]"
L5132,grailed,Foil mini bag,Prada,silver,136.65,2025-07-04T09:59:00Z,-74.004241,40.723532,"[""metallic"", ""silver""]"
L5133,poshmark,Foil mini bag,Mango,silver,48.56,2025-07-04T19:13:00Z,-73.951056,40.711288,"[""metallic"", ""silver"", ""bag""]"
L5134,grailed,Ballerina flats,Prada,black,95.09,2025-07-04T05:48:00Z,-74.004103,40.722962,"[""ballet flats""]"
L5135,depop,Ballerina flats,Coach,black,148.22,2025-07-04T15:25:00Z,-73.952986,40.723578,"[""ballet flats"", ""ballerina flats"", ""mary jane""]"
L5136,grailed,Metallic shoulder bag,ASOS,silver,50.34,2025-07-05T08:01:00Z,-74.004733,40.721525,"[""metallic"", ""bag""]"
L5137,grailed,Mary Jane flats,Zara,black,121.54,2025-07-05T17:02:00Z,-73.955837,40.722094,"[""ballet flats"", ""mary jane""]"
L5138,ebay,Metallic shoulder bag,Coach,silver,80.62,2025-07-05T06:11:00Z,-73.999021,40.724315,"[""metallic"", ""chrome""]"
L5139,grailed,Foil mini bag,ASOS,silver,135.62,2025-07-05T04:55:00Z,-73.99701,40.727533,"[""metallic"", ""bag""]"
L5140,poshmark,Metallic shoulder bag,Urban Outfitters,silver,64.09,2025-07-05T19:27:00Z,-73.952417,40.716616,"[""metallic""]"
L5141,poshmark,Foil mini bag,Prada,silver,74.55,2025-07-05T13:49:00Z,-73.951981,40.725161,"[""metallic"", ""silver"", ""bag""]"
L5142,depop,Foil mini bag,Reformation,silver,88.83,2025-07-05T05:11:00Z,-73.952386,40.724955,"[""metallic""]"
L5143,poshmark,Metallic shoulder bag,H&M,silver,118.81,2025-07-05T18:10:00Z,-73.957427,40.721045,"[""metallic""]"
L5144,vinted,Metallic shoulder bag,Miu Miu,silver,51.8,2025-07-05T07:02:00Z,-74.002086,40.720755,"[""metallic"", ""silver"", ""bag""]"
L5145,vinted,Neon green top,Urban Outfitters,neon green,101.42,2025-07-05T08:07:00Z,-73.999402,40.720549,"[""neon green"", ""lime"", ""top""]"
L5146,grailed,Ballerina flats,Miu Miu,black,171.9,2025-07-05T08:26:00Z,-73.957025,40.719428,"[""ballet flats"", ""mary jane flat""]"
L5147,vinted,Foil mini bag,Aritzia,silver,77.28,2025-07-05T21:45:00Z,-73.995197,40.729122,"[""metallic"", ""silver"", ""bag""]"
L5148,vinted,Lime cami,Prada,neon green,97.18,2025-07-05T12:59:00Z,-73.953605,40.726258,"[""neon green""]"
L5149,depop,Foil mini bag,Reformation,silver,138.89,2025-07-05T05:46:00Z,-73.952326,40.719532,"[""metallic""]"
L5150,grailed,Silver tote,Zara,silver,102.11,2025-07-06T17:54:00Z,-73.956936,40.719293,"[""metallic"", ""foil""]"
L5151,vinted,Silver tote,Aritzia,silver,147.06,2025-07-06T02:35:00Z,-74.000553,40.724587,"[""metallic"", ""chrome""]"
L5152,ebay,Foil mini bag,Miu Miu,silver,149.44,2025-07-06T15:55:00Z,-74.002638,40.726089,"[""metallic"", ""foil""]"
L5153,grailed,Ballerina flats,Mango,black,175.61,2025-07-06T18:42:00Z,-74.000307,40.72631,"[""ballet flats"", ""mary jane""]"
L5154,poshmark,Silver tote,Miu Miu,silver,30.63,2025-07-06T07:51:00Z,-73.955536,40.71066,"[""metallic"", ""silver"", ""bag""]"
L5155,grailed,Lime cami,Urban Outfitters,neon green,93.03,2025-07-06T17:31:00Z,-73.960225,40.71498,"[""neon green""]"
L5156,ebay,Foil mini bag,Reformation,silver,142.18,2025-07-06T15:12:00Z,-74.0036,40.728405,"[""metallic"", ""bag""]"
L5157,vinted,Silver tote,Miu Miu,silver,92.36,2025-07-06T03:13:00Z,-73.950377,40.725782,"[""metallic"", ""silver""]"
L5158,depop,Neon green top,Miu Miu,neon green,37.05,2025-07-07T04:59:00Z,-73.997129,40.723699,"[""neon green""]"
L5159,vinted,Foil mini bag,Urban Outfitters,silver,116.98,2025-07-07T18:41:00Z,-73.951963,40.722712,"[""metallic"", ""bag""]"
L5160,poshmark,Square-toe flats,Zara,black,143.7,2025-07-07T18:51:00Z,-73.958152,40.715095,"[""ballet flats"", ""ballerina flats""]"
L5161,grailed,Silver tote,ASOS,silver,148.92,2025-07-07T03:21:00Z,-74.004289,40.723181,"[""metallic"", ""chrome""]"
L5162,poshmark,Square-toe flats,H&M,black,67.52,2025-07-08T16:45:00Z,-73.996447,40.720084,"[""ballet flats"", ""ballerina flats""]"
L5163,grailed,Mary Jane flats,Mango,black,104.22,2025-07-08T05:12:00Z,-73.959295,40.711453,"[""ballet flats"", ""mary jane""]"
L5164,vinted,Foil mini bag,Miu Miu,silver,81.07,2025-07-08T02:52:00Z,-73.954851,40.717667,"[""metallic"", ""bag""]"
L5165,vinted,Silver tote,Prada,silver,52.42,2025-07-08T08:01:00Z,-73.999752,40.7225,"[""metallic"", ""silver""]"
L5166,poshmark,Metallic shoulder bag,Prada,silver,132.36,2025-07-08T18:23:00Z,-73.958171,40.724714,"[""metallic"", ""bag""]"
L5167,depop,Lime cami,Coach,neon green,20.68,2025-07-08T03:47:00Z,-73.963188,40.725872,"[""neon green"", ""lime""]"
L5168,ebay,Silver tote,Mango,silver,128.44,2025-07-08T05:09:00Z,-73.963679,40.71446,"[""metallic"", ""bag""]"
L5169,grailed,Chrome baguette bag,H&M,silver,82.78,2025-07-08T08:07:00Z,-73.962996,40.723105,"[""metallic""]"
L5170,vinted,Silver tote,Coach,silver,39.29,2025-07-09T02:09:00Z,-73.999341,40.725203,"[""metallic""]"
L5171,poshmark,Neon green top,H&M,neon green,35.18,2025-07-09T16:42:00Z,-73.997742,40.727349,"[""neon green"", ""top""]"
L5172,depop,Metallic shoulder bag,Zara,silver,78.78,2025-07-09T09:26:00Z,-74.00407,40.724678,"[""metallic"", ""bag""]"
L5173,poshmark,Lime cami,Prada,neon green,20.56,2025-07-09T00:41:00Z,-73.962651,40.725104,"[""neon green"", ""lime""]"
L5174,vinted,Metallic shoulder bag,ASOS,silver,112.12,2025-07-09T19:59:00Z,-74.003108,40.727587,"[""metallic"", ""foil"", ""bag""]"
L5175,grailed,Chrome baguette bag,Zara,silver,128.04,2025-07-09T16:51:00Z,-73.995121,40.724896,"[""metallic"", ""bag""]"
L5176,depop,Metallic shoulder bag,Prada,silver,42.83,2025-07-09T01:35:00Z,-73.957645,40.710568,"[""metallic"", ""bag""]"
L5177,poshmark,Silver tote,ASOS,silver,78.69,2025-07-09T08:09:00Z,-73.954075,40.726604,"[""metallic"", ""foil""]"
L5178,grailed,Silver tote,Mango,silver,123.38,2025-07-10T09:51:00Z,-73.954332,40.72042,"[""metallic"", ""bag""]"
L5179,grailed,Foil mini bag,Aritzia,silver,98.27,2025-07-10T01:50:00Z,-74.003614,40.720568,"[""metallic"", ""silver"", ""bag""]"
L5180,vinted,Acid green skirt,Urban Outfitters,neon green,118.56,2025-07-10T16:30:00Z,-73.962125,40.725833,"[""neon green"", ""acid green"", ""top""]"
L5181,vinted,Ballerina flats,Urban Outfitters,black,61.86,2025-07-10T03:42:00Z,-74.004614,40.724828,"[""ballet flats"", ""ballerina flats"", ""mary jane""]"
L5182,grailed,Foil mini bag,Aritzia,silver,132.97,2025-07-10T16:25:00Z,-73.961891,40.712526,"[""metallic"", ""bag""]"
L5183,depop,Lime cami,Zara,neon green,22.63,2025-07-11T21:40:00Z,-74.000633,40.726917,"[""neon green"", ""acid green""]"
L5184,depop,Foil mini bag,Mango,silver,118.35,2025-07-11T14:36:00Z,-73.957627,40.71149,"[""metallic"", ""chrome""]"
L5185,depop,Square-toe flats,Mango,black,79.5,2025-07-11T10:03:00Z,-73.997134,40.721589,"[""ballet flats"", ""mary jane flat"", ""mary jane""]"
L5186,ebay,Silver tote,Miu Miu,silver,135.83,2025-07-11T02:50:00Z,-73.995201,40.726827,"[""metallic"", ""foil"", ""bag""]"
L5187,ebay,Metallic shoulder bag,ASOS,silver,36.69,2025-07-11T09:44:00Z,-74.00336,40.720316,"[""metallic"", ""bag""]"
L5188,depop,Foil mini bag,Mango,silver,86.37,2025-07-11T11:37:00Z,-73.955813,40.719044,"[""metallic"", ""chrome"", ""bag""]"
L5189,vinted,Neon dress,Reformation,neon green,96.07,2025-07-12T10:17:00Z,-74.003083,40.72504,"[""neon green""]"
L5190,depop,Neon dress,H&M,neon green,58.34,2025-07-12T17:53:00Z,-73.996895,40.727691,"[""neon green""]"
L5191,vinted,Foil mini bag,Mango,silver,75.43,2025-07-12T17:34:00Z,-74.004488,40.721366,"[""metallic"", ""bag""]"
L5192,vinted,Chrome baguette bag,H&M,silver,46.09,2025-07-12T16:34:00Z,-73.955879,40.717727,"[""metallic"", ""chrome"", ""bag""]"
L5193,vinted,Metallic shoulder bag,Urban Outfitters,silver,117.31,2025-07-12T18:51:00Z,-73.961374,40.72685,"[""metallic"", ""chrome""]"
L5194,depop,Square-toe flats,ASOS,black,111.95,2025-07-12T05:51:00Z,-73.955548,40.721041,"[""ballet flats""]"
L5195,ebay,Foil mini bag,ASOS,silver,65.01,2025-07-12T22:14:00Z,-73.961828,40.718434,"[""metallic"", ""bag""]"
L5196,grailed,Chrome baguette bag,Aritzia,silver,65.62,2025-07-12T21:51:00Z,-73.99962,40.728818,"[""metallic"", ""bag""]"
L5197,grailed,Acid green skirt,Reformation,neon green,81.23,2025-07-13T18:02:00Z,-73.999484,40.726286,"[""neon green""]"
L5198,vinted,Lime cami,Prada,neon green,86.5,2025-07-13T00:02:00Z,-74.002498,40.729357,"[""neon green"", ""acid green"", ""top""]"
L5199,vinted,Lime cami,Mango,neon green,77.68,2025-07-13T03:42:00Z,-74.001029,40.72126,"[""neon green"", ""acid green"", ""top""]"
L5200,ebay,Lime cami,Miu Miu,neon green,86.59,2025-07-13T15:42:00Z,-73.998114,40.727058,"[""neon green"", ""acid green"", ""top""]"
L5201,vinted,Silver tote,Prada,silver,54.11,2025-07-13T13:44:00Z,-73.958286,40.72081,"[""metallic""]"
L5202,ebay,Neon green top,Aritzia,neon green,55.95,2025-07-13T14:19:00Z,-73.962091,40.713924,"[""neon green""]"
L5203,ebay,Neon dress,Zara,neon green,88.19,2025-07-13T22:08:00Z,-74.000554,40.726818,"[""neon green"", ""top""]"
L5204,depop,Neon green top,Urban Outfitters,neon green,47.59,2025-07-14T15:06:00Z,-74.003214,40.728686,"[""neon green""]"
L5205,depop,Neon dress,Mango,neon green,50.73,2025-07-14T00:56:00Z,-73.996465,40.729406,"[""neon green""]"
L5206,depop,Silver tote,Zara,silver,82.67,2025-07-14T02:56:00Z,-74.000146,40.725866,"[""metallic""]"
L5207,vinted,Foil mini bag,Zara,silver,100.47,2025-07-14T22:53:00Z,-73.948756,40.71375,"[""metallic""]"
L5208,grailed,Ballerina flats,Coach,black,90.6,2025-07-14T17:18:00Z,-73.99904,40.723217,"[""ballet flats"", ""ballerina flats""]"
L5209,grailed,Metallic shoulder bag,Aritzia,silver,92.04,2025-07-14T05:09:00Z,-74.003046,40.726813,"[""metallic"", ""bag""]"
L5210,poshmark,Acid green skirt,Urban Outfitters,neon green,111.61,2025-07-15T11:14:00Z,-73.960619,40.715461,"[""neon green"", ""acid green""]"
L5211,grailed,Neon dress,ASOS,neon green,100.97,2025-07-15T13:42:00Z,-74.002768,40.723107,"[""neon green""]"
L5212,poshmark,Neon dress,Prada,neon green,81.12,2025-07-15T05:42:00Z,-73.950628,40.710284,"[""neon green""]"
L5213,grailed,Acid green skirt,ASOS,neon green,99.24,2025-07-15T21:30:00Z,-73.999095,40.727226,"[""neon green"", ""lime""]"
L5214,depop,Chrome baguette bag,H&M,silver,148.5,2025-07-15T22:23:00Z,-73.960029,40.725709,"[""metallic"", ""chrome"", ""bag""]"
L5215,depop,Ballerina flats,Reformation,black,130.9,2025-07-15T03:15:00Z,-73.952303,40.728257,"[""ballet flats"", ""mary jane flat"", ""mary jane""]"
L5216,poshmark,Neon dress,Prada,neon green,85.17,2025-07-15T20:30:00Z,-74.002711,40.728047,"[""neon green"", ""lime""]"
L5217,ebay,Neon green top,Mango,neon green,68.46,2025-07-15T17:19:00Z,-74.004273,40.725477,"[""neon green"", ""acid green""]"
L5218,ebay,Foil mini bag,H&M,silver,101.5,2025-07-15T16:34:00Z,-73.997139,40.728693,"[""metallic"", ""bag""]"
L5219,grailed,Neon green top,Zara,neon green,119.83,2025-07-16T17:58:00Z,-73.962916,40.711499,"[""neon green"", ""top""]"
L5220,vinted,Acid green skirt,Coach,neon green,49.7,2025-07-16T16:58:00Z,-73.998397,40.723588,"[""neon green"", ""acid green"", ""top""]"
L5221,depop,Lime cami,H&M,neon green,65.9,2025-07-16T10:55:00Z,-73.951357,40.711045,"[""neon green"", ""lime""]"
L5222,vinted,Neon dress,Aritzia,neon green,15.76,2025-07-16T16:16:00Z,-74.003854,40.728246,"[""neon green"", ""lime""]"
L5223,poshmark,Acid green skirt,ASOS,neon green,98.91,2025-07-16T19:15:00Z,-73.955141,40.729185,"[""neon green"", ""top""]"
L5224,depop,Foil mini bag,Aritzia,silver,52.48,2025-07-16T19:13:00Z,-73.948305,40.724708,"[""metallic""]"
L5225,grailed,Neon green top,Prada,neon green,68.8,2025-07-17T02:24:00Z,-74.001995,40.724962,"[""neon green"", ""acid green""]"
L5226,grailed,Chrome baguette bag,Coach,silver,69.81,2025-07-17T14:25:00Z,-73.995298,40.729746,"[""metallic"", ""bag""]"
L5227,depop,Neon dress,Prada,neon green,115.84,2025-07-17T03:31:00Z,-73.955035,40.712677,"[""neon green"", ""acid green""]"
L5228,depop,Lime cami,H&M,neon green,96.2,2025-07-17T14:32:00Z,-73.996479,40.728418,"[""neon green""]"
L5229,poshmark,Lime cami,Zara,neon green,41.46,2025-07-17T18:58:00Z,-73.999206,40.725132,"[""neon green""]"
L5230,depop,Ballerina flats,Aritzia,black,132.12,2025-07-17T16:38:00Z,-73.959257,40.713384,"[""ballet flats"", ""ballerina flats""]"
L5231,grailed,Ballet flats,Zara,black,167.14,2025-07-17T10:31:00Z,-73.961764,40.711979,"[""ballet flats"", ""mary jane""]"
L5232,grailed,Neon dress,Urban Outfitters,neon green,38.58,2025-07-17T01:21:00Z,-73.95966,40.715304,"[""neon green"", ""lime""]"
L5233,vinted,Acid green skirt,Prada,neon green,51.95,2025-07-18T05:47:00Z,-73.962765,40.72033,"[""neon green"", ""lime""]"
L5234,depop,Chrome baguette bag,H&M,silver,65.37,2025-07-18T06:51:00Z,-73.960677,40.715747,"[""metallic"", ""silver"", ""bag""]"
L5235,ebay,Acid green skirt,H&M,neon green,68.06,2025-07-18T01:16:00Z,-74.002684,40.722594,"[""neon green""]"
L5236,poshmark,Silver tote,Zara,silver,73.65,2025-07-18T18:33:00Z,-74.000834,40.723795,"[""metallic"", ""bag""]"
L5237,poshmark,Mary Jane flats,Aritzia,black,95.62,2025-07-18T15:41:00Z,-73.960762,40.727595,"[""ballet flats""]"
L5238,vinted,Silver tote,ASOS,silver,28.94,2025-07-18T14:08:00Z,-74.002826,40.727979,"[""metallic"", ""bag""]"
L5239,poshmark,Metallic shoulder bag,H&M,silver,81.0,2025-07-18T02:36:00Z,-73.954091,40.711024,"[""metallic"", ""foil"", ""bag""]"
L5240,depop,Metallic shoulder bag,Coach,silver,134.98,2025-07-18T03:04:00Z,-73.999988,40.720102,"[""metallic"", ""foil"", ""bag""]"
L5241,depop,Foil mini bag,Coach,silver,101.42,2025-07-18T01:48:00Z,-73.999186,40.72542,"[""metallic"", ""chrome"", ""bag""]"
L5242,depop,Acid green skirt,Zara,neon green,90.15,2025-07-18T13:51:00Z,-73.996011,40.72267,"[""neon green"", ""top""]"
L5243,vinted,Neon dress,Coach,neon green,73.2,2025-07-19T14:52:00Z,-73.962292,40.722522,"[""neon green""]"
L5244,poshmark,Foil mini bag,Coach,silver,90.03,2025-07-19T20:47:00Z,-73.997503,40.720433,"[""metallic"", ""silver"", ""bag""]"
L5245,poshmark,Acid green skirt,Aritzia,neon green,46.28,2025-07-19T20:10:00Z,-73.949702,40.728792,"[""neon green""]"
L5246,vinted,Chrome baguette bag,Miu Miu,silver,84.59,2025-07-19T22:29:00Z,-73.949453,40.71223,"[""metallic""]"
L5247,vinted,Mary Jane flats,Reformation,black,98.32,2025-07-19T06:58:00Z,-73.948202,40.728153,"[""ballet flats"", ""mary jane flat""]"
L5248,grailed,Mary Jane flats,Miu Miu,black,168.82,2025-07-19T00:41:00Z,-73.95826,40.718607,"[""ballet flats"", ""mary jane flat""]"
L5249,vinted,Acid green skirt,Reformation,neon green,84.59,2025-07-19T19:43:00Z,-73.997752,40.72627,"[""neon green""]"
L5250,vinted,Foil mini bag,Zara,silver,27.16,2025-07-19T13:57:00Z,-73.951827,40.728206,"[""metallic"", ""foil"", ""bag""]"
L5251,grailed,Neon dress,H&M,neon green,48.92,2025-07-20T02:19:00Z,-74.000941,40.721582,"[""neon green""]"
L5252,depop,Acid green skirt,Miu Miu,neon green,40.74,2025-07-20T15:30:00Z,-74.003162,40.723603,"[""neon green""]"
L5253,depop,Acid green skirt,Coach,neon green,72.94,2025-07-20T05:01:00Z,-73.950078,40.726121,"[""neon green""]"
L5254,depop,Acid green skirt,Zara,neon green,27.63,2025-07-20T02:26:00Z,-74.001037,40.720698,"[""neon green""]"
L5255,vinted,Metallic shoulder bag,Prada,silver,136.12,2025-07-20T17:11:00Z,-74.004232,40.72091,"[""metallic"", ""silver"", ""bag""]"
L5256,vinted,Mary Jane flats,Miu Miu,black,170.29,2025-07-20T07:50:00Z,-73.995813,40.72897,"[""ballet flats""]"
L5257,depop,Lime cami,Miu Miu,neon green,20.21,2025-07-21T12:39:00Z,-73.958499,40.720722,"[""neon green"", ""top""]"
L5258,poshmark,Neon dress,ASOS,neon green,78.33,2025-07-21T16:17:00Z,-73.999765,40.725834,"[""neon green""]"
L5259,grailed,Chrome baguette bag,Reformation,silver,52.73,2025-07-21T02:51:00Z,-74.004249,40.724482,"[""metallic"", ""bag""]"
L5260,grailed,Metallic shoulder bag,Zara,silver,142.96,2025-07-21T03:22:00Z,-73.959091,40.719726,"[""metallic"", ""chrome"", ""bag""]"
L5261,poshmark,Lime cami,Zara,neon green,80.13,2025-07-22T02:00:00Z,-73.948008,40.714787,"[""neon green""]"
L5262,poshmark,Mary Jane flats,Zara,black,114.37,2025-07-22T14:06:00Z,-73.962435,40.711216,"[""ballet flats"", ""ballerina flats""]"
L5263,depop,Neon green top,H&M,neon green,113.06,2025-07-22T07:17:00Z,-74.000817,40.724713,"[""neon green""]"
L5264,poshmark,Acid green skirt,Prada,neon green,41.94,2025-07-22T00:08:00Z,-73.959565,40.725818,"[""neon green"", ""lime"", ""top""]"
L5265,ebay,Neon green top,Urban Outfitters,neon green,69.43,2025-07-23T11:41:00Z,-73.952133,40.71995,"[""neon green"", ""acid green""]"
L5266,poshmark,Square-toe flats,Miu Miu,black,159.03,2025-07-23T13:02:00Z,-73.995794,40.729907,"[""ballet flats"", ""ballerina flats""]"
L5267,grailed,Lime cami,Miu Miu,neon green,118.37,2025-07-23T09:32:00Z,-73.995963,40.729092,"[""neon green"", ""lime"", ""top""]"
L5268,ebay,Neon green top,Urban Outfitters,neon green,65.1,2025-07-23T10:57:00Z,-73.997796,40.723374,"[""neon green"", ""acid green""]"
L5269,ebay,Neon dress,Prada,neon green,91.45,2025-07-23T12:23:00Z,-73.951456,40.728145,"[""neon green"", ""lime""]"
L5270,poshmark,Acid green skirt,Prada,neon green,41.84,2025-07-24T17:24:00Z,-73.953314,40.724035,"[""neon green"", ""lime""]"
L5271,depop,Lime cami,ASOS,neon green,27.3,2025-07-24T21:45:00Z,-73.999705,40.72715,"[""neon green"", ""top""]"
L5272,ebay,Acid green skirt,Mango,neon green,89.48,2025-07-24T14:15:00Z,-74.003448,40.727425,"[""neon green"", ""acid green"", ""top""]"
L5273,poshmark,Neon green top,Coach,neon green,20.32,2025-07-24T22:21:00Z,-73.955844,40.713751,"[""neon green""]"
L5274,depop,Mary Jane flats,Zara,black,178.66,2025-07-24T13:41:00Z,-73.953087,40.714375,"[""ballet flats""]"
L5275,depop,Chrome baguette bag,Coach,silver,90.58,2025-07-24T14:05:00Z,-73.997537,40.729992,"[""metallic"", ""foil"", ""bag""]"
L5276,vinted,Silver tote,Aritzia,silver,99.32,2025-07-24T09:56:00Z,-74.001474,40.723575,"[""metallic"", ""bag""]"
L5277,depop,Silver tote,Urban Outfitters,silver,102.96,2025-07-25T17:23:00Z,-73.958514,40.728718,"[""metallic"", ""foil"", ""bag""]"
L5278,depop,Neon green top,ASOS,neon green,56.93,2025-07-25T03:53:00Z,-73.955255,40.717388,"[""neon green"", ""lime""]"
L5279,depop,Lime cami,Mango,neon green,68.06,2025-07-25T06:01:00Z,-73.949909,40.720766,"[""neon green"", ""lime""]"
L5280,depop,Lime cami,Zara,neon green,79.5,2025-07-25T05:45:00Z,-73.958715,40.712805,"[""neon green"", ""acid green"", ""top""]"
L5281,ebay,Metallic shoulder bag,Zara,silver,57.17,2025-07-25T16:31:00Z,-73.956956,40.71188,"[""metallic"", ""chrome"", ""bag""]"
L5282,poshmark,Neon green top,Coach,neon green,20.51,2025-07-25T22:39:00Z,-73.958309,40.711279,"[""neon green"", ""lime""]"
L5283,poshmark,Lime cami,Mango,neon green,18.33,2025-07-25T15:23:00Z,-73.953957,40.724398,"[""neon green""]"
L5284,ebay,Foil mini bag,Prada,silver,146.26,2025-07-25T13:47:00Z,-74.001104,40.720096,"[""metallic"", ""chrome"", ""bag""]"
L5285,poshmark,Neon dress,Coach,neon green,75.02,2025-07-25T10:05:00Z,-73.995346,40.724611,"[""neon green"", ""acid green""]"
L5286,ebay,Lime cami,H&M,neon green,64.67,2025-07-25T17:30:00Z,-73.99769,40.723167,"[""neon green"", ""acid green"", ""top""]"
L5287,grailed,Silver tote,Miu Miu,silver,79.39,2025-07-26T09:51:00Z,-73.997425,40.72421,"[""metallic"", ""foil""]"
L5288,depop,Metallic shoulder bag,Prada,silver,132.39,2025-07-26T05:21:00Z,-74.001924,40.729498,"[""metallic""]"
L5289,grailed,Neon dress,H&M,neon green,60.95,2025-07-26T20:50:00Z,-73.953067,40.719685,"[""neon green"", ""lime""]"
L5290,depop,Ballerina flats,Miu Miu,black,110.67,2025-07-26T05:03:00Z,-73.998579,40.725546,"[""ballet flats"", ""ballerina flats""]"
L5291,ebay,Square-toe flats,H&M,black,64.67,2025-07-26T14:36:00Z,-74.002624,40.727588,"[""ballet flats"", ""mary jane""]"
L5292,ebay,Silver tote,Coach,silver,97.63,2025-07-26T06:03:00Z,-73.953704,40.711154,"[""metallic"", ""bag""]"
L5293,vinted,Silver tote,Mango,silver,141.72,2025-07-26T08:59:00Z,-73.957908,40.715815,"[""metallic""]"
L5294,ebay,Neon green top,Aritzia,neon green,92.03,2025-07-26T04:28:00Z,-73.961243,40.724687,"[""neon green"", ""top""]"
L5295,vinted,Lime cami,Coach,neon green,30.54,2025-07-26T01:48:00Z,-73.961703,40.711062,"[""neon green"", ""top""]"
L5296,grailed,Ballet flats,ASOS,black,75.53,2025-07-26T05:45:00Z,-73.952234,40.728233,"[""ballet flats"", ""mary jane""]"
L5297,poshmark,Acid green skirt,H&M,neon green,57.65,2025-07-26T19:30:00Z,-74.001767,40.724487,"[""neon green""]"
L5298,ebay,Lime cami,Reformation,neon green,37.89,2025-07-27T06:21:00Z,-73.950405,40.711005,"[""neon green"", ""acid green"", ""top""]"
L5299,grailed,Neon green top,Aritzia,neon green,20.8,2025-07-27T00:47:00Z,-74.003475,40.723843,"[""neon green"", ""top""]"
L5300,depop,Acid green skirt,Prada,neon green,75.35,2025-07-27T21:42:00Z,-74.002348,40.721585,"[""neon green"", ""acid green""]"
L5301,grailed,Neon green top,ASOS,neon green,55.11,2025-07-27T16:50:00Z,-74.000555,40.729725,"[""neon green"", ""acid green""]"
L5302,vinted,Foil mini bag,Coach,silver,134.39,2025-07-27T13:38:00Z,-73.995689,40.729116,"[""metallic"", ""bag""]"
L5303,poshmark,Acid green skirt,H&M,neon green,72.83,2025-07-27T01:12:00Z,-73.997199,40.726084,"[""neon green""]"
L5304,ebay,Acid green skirt,Mango,neon green,98.26,2025-07-27T16:34:00Z,-73.963097,40.713882,"[""neon green"", ""lime""]"
L5305,poshmark,Acid green skirt,H&M,neon green,65.38,2025-07-28T00:48:00Z,-74.000338,40.720066,"[""neon green"", ""acid green""]"
L5306,poshmark,Neon green top,Mango,neon green,61.39,2025-07-28T03:49:00Z,-74.002178,40.723278,"[""neon green"", ""lime""]"
L5307,grailed,Neon green top,ASOS,neon green,56.07,2025-07-28T07:53:00Z,-73.952822,40.721266,"[""neon green"", ""lime""]"
L5308,grailed,Ballet flats,Mango,black,100.93,2025-07-28T15:53:00Z,-74.004541,40.729602,"[""ballet flats"", ""mary jane flat""]"
L5309,vinted,Acid green skirt,Mango,neon green,25.28,2025-07-29T04:13:00Z,-73.960354,40.72296,"[""neon green"", ""acid green"", ""top""]"
L5310,depop,Neon green top,H&M,neon green,58.77,2025-07-29T19:29:00Z,-73.956818,40.71215,"[""neon green"", ""top""]"
L5311,vinted,Metallic shoulder bag,Zara,silver,44.67,2025-07-29T15:01:00Z,-73.963493,40.712223,"[""metallic"", ""bag""]"
L5312,poshmark,Neon green top,H&M,neon green,98.59,2025-07-29T17:25:00Z,-74.001514,40.726974,"[""neon green"", ""lime"", ""top""]"
L5313,grailed,Neon green top,Urban Outfitters,neon green,96.47,2025-07-29T10:12:00Z,-73.95619,40.725085,"[""neon green"", ""acid green""]"
L5314,depop,Metallic shoulder bag,Zara,silver,75.52,2025-07-29T01:32:00Z,-73.9588,40.729874,"[""metallic"", ""bag""]"
L5315,poshmark,Neon green top,Prada,neon green,42.12,2025-07-29T22:45:00Z,-73.997785,40.727149,"[""neon green"", ""top""]"
L5316,vinted,Acid green skirt,ASOS,neon green,109.31,2025-07-29T00:11:00Z,-73.948882,40.722304,"[""neon green""]"
L5317,grailed,Metallic shoulder bag,Coach,silver,66.07,2025-07-30T17:20:00Z,-73.954836,40.714264,"[""metallic"", ""bag""]"
L5318,ebay,Acid green skirt,Prada,neon green,50.07,2025-07-30T08:29:00Z,-74.004349,40.729263,"[""neon green"", ""top""]"
L5319,grailed,Neon dress,Prada,neon green,45.47,2025-07-30T18:17:00Z,-74.003969,40.728531,"[""neon green""]"
L5320,poshmark,Neon green top,Reformation,neon green,52.13,2025-07-30T12:42:00Z,-74.000737,40.724075,"[""neon green"", ""lime""]"
L5321,depop,Neon dress,Coach,neon green,34.21,2025-07-30T14:12:00Z,-73.953472,40.714701,"[""neon green""]"
L5322,poshmark,Neon dress,Mango,neon green,26.13,2025-07-30T06:40:00Z,-73.948487,40.719167,"[""neon green"", ""top""]"
L5323,vinted,Ballet flats,Mango,black,167.09,2025-07-30T10:46:00Z,-74.003367,40.724769,"[""ballet flats""]"
L5324,vinted,Square-toe flats,Zara,black,117.36,2025-07-31T03:52:00Z,-74.003023,40.725166,"[""ballet flats"", ""ballerina flats""]"
L5325,poshmark,Neon green top,Mango,neon green,58.03,2025-07-31T01:05:00Z,-74.004556,40.729013,"[""neon green""]"
L5326,grailed,Acid green skirt,Zara,neon green,96.39,2025-07-31T06:09:00Z,-73.956016,40.716462,"[""neon green"", ""acid green""]"
L5327,depop,Metallic shoulder bag,H&M,silver,119.82,2025-07-31T05:27:00Z,-73.954683,40.722796,"[""metallic""]"
L5328,vinted,Acid green skirt,Reformation,neon green,99.38,2025-07-31T13:50:00Z,-74.001679,40.724775,"[""neon green"", ""acid green""]"
L5329,ebay,Silver tote,H&M,silver,79.6,2025-07-31T04:46:00Z,-74.002253,40.728514,"[""metallic""]"
L5330,depop,Neon dress,Mango,neon green,27.51,2025-07-31T08:54:00Z,-74.00433,40.727509,"[""neon green"", ""top""]"
L5331,ebay,Ballerina flats,Aritzia,black,122.3,2025-07-31T01:11:00Z,-73.950773,40.728484,"[""ballet flats"", ""mary jane""]"
L5332,grailed,Neon dress,Prada,neon green,86.33,2025-08-01T22:45:00Z,-73.958158,40.727456,"[""neon green""]"
L5333,vinted,Lime cami,Reformation,neon green,92.96,2025-08-01T12:07:00Z,-73.950845,40.727283,"[""neon green""]"
L5334,ebay,Acid green skirt,Mango,neon green,71.31,2025-08-01T16:29:00Z,-73.998717,40.728807,"[""neon green""]"
L5335,ebay,Silver tote,Mango,silver,76.05,2025-08-01T20:21:00Z,-74.000734,40.728429,"[""metallic""]"
L5336,ebay,Chrome baguette bag,H&M,silver,118.75,2025-08-01T03:15:00Z,-73.951124,40.718054,"[""metallic"", ""foil"", ""bag""]"
L5337,depop,Lime cami,Miu Miu,neon green,95.25,2025-08-01T01:41:00Z,-73.956439,40.718908,"[""neon green""]"
L5338,depop,Acid green skirt,Prada,neon green,100.58,2025-08-01T01:51:00Z,-73.961021,40.723001,"[""neon green""]"
L5339,vinted,Lime cami,Zara,neon green,30.09,2025-08-01T17:39:00Z,-74.000472,40.721985,"[""neon green"", ""acid green""]"
L5340,depop,Metallic shoulder bag,Aritzia,silver,67.34,2025-08-01T04:10:00Z,-73.999408,40.729839,"[""metallic""]"
L5341,ebay,Silver tote,H&M,silver,134.74,2025-08-01T22:46:00Z,-73.962748,40.727275,"[""metallic"", ""silver"", ""bag""]"
L5342,poshmark,Neon green top,Miu Miu,neon green,92.58,2025-08-01T13:04:00Z,-73.962484,40.728052,"[""neon green"", ""acid green""]"
L5343,ebay,Neon green top,Mango,neon green,68.95,2025-08-02T11:09:00Z,-74.000229,40.72642,"[""neon green"", ""acid green""]"
L5344,ebay,Metallic shoulder bag,H&M,silver,102.86,2025-08-02T06:51:00Z,-74.001875,40.72911,"[""metallic"", ""bag""]"
L5345,ebay,Lime cami,Mango,neon green,59.79,2025-08-02T12:11:00Z,-74.002592,40.725894,"[""neon green"", ""acid green""]"
L5346,depop,Chrome baguette bag,Miu Miu,silver,77.2,2025-08-02T22:35:00Z,-73.996423,40.726165,"[""metallic"", ""foil"", ""bag""]"
L5347,poshmark,Neon dress,Mango,neon green,16.2,2025-08-02T12:02:00Z,-74.004171,40.724521,"[""neon green""]"
L5348,vinted,Acid green skirt,Aritzia,neon green,15.15,2025-08-02T22:41:00Z,-73.952264,40.721625,"[""neon green"", ""lime""]"
L5349,vinted,Chrome baguette bag,Aritzia,silver,41.9,2025-08-02T15:16:00Z,-74.001618,40.727782,"[""metallic"", ""silver"", ""bag""]"
L5350,ebay,Lime cami,H&M,neon green,50.1,2025-08-02T22:19:00Z,-74.000925,40.728543,"[""neon green"", ""acid green""]"
L5351,vinted,Neon green top,ASOS,neon green,112.27,2025-08-02T06:22:00Z,-74.001616,40.725838,"[""neon green""]"
L5352,vinted,Neon green top,Prada,neon green,117.81,2025-08-02T11:29:00Z,-73.95142,40.710643,"[""neon green"", ""lime""]"
L5353,depop,Acid green skirt,Miu Miu,neon green,115.99,2025-08-03T20:10:00Z,-73.962296,40.714852,"[""neon green"", ""acid green""]"
L5354,grailed,Acid green skirt,Urban Outfitters,neon green,74.62,2025-08-03T11:32:00Z,-74.003123,40.722333,"[""neon green""]"
L5355,poshmark,Lime cami,Zara,neon green,89.15,2025-08-03T14:27:00Z,-73.954793,40.725899,"[""neon green"", ""acid green""]"
L5356,poshmark,Ballet flats,Zara,black,158.76,2025-08-03T10:31:00Z,-73.996694,40.720418,"[""ballet flats""]"
L5357,ebay,Ballerina flats,Coach,black,92.91,2025-08-04T02:24:00Z,-73.958026,40.727887,"[""ballet flats"", ""mary jane flat""]"
L5358,grailed,Silver tote,H&M,silver,144.89,2025-08-04T18:55:00Z,-73.998895,40.724914,"[""metallic""]"
L5359,depop,Neon green top,Prada,neon green,28.87,2025-08-04T06:12:00Z,-73.951232,40.719261,"[""neon green"", ""lime""]"
L5360,ebay,Lime cami,Prada,neon green,96.0,2025-08-04T08:13:00Z,-73.954607,40.720289,"[""neon green""]"
L5361,poshmark,Metallic shoulder bag,Prada,silver,36.32,2025-08-04T09:41:00Z,-74.002588,40.720348,"[""metallic"", ""bag""]"
L5362,depop,Silver tote,Coach,silver,57.17,2025-08-04T11:33:00Z,-73.95172,40.725882,"[""metallic""]"
L5363,grailed,Lime cami,Prada,neon green,69.24,2025-08-04T18:37:00Z,-73.999124,40.726124,"[""neon green"", ""top""]"
L5364,depop,Silver tote,Urban Outfitters,silver,36.65,2025-08-05T15:08:00Z,-73.960498,40.729377,"[""metallic"", ""chrome"", ""bag""]"
L5365,grailed,Mary Jane flats,Prada,black,94.51,2025-08-05T05:22:00Z,-73.958517,40.720451,"[""ballet flats""]"
L5366,poshmark,Lime cami,Coach,neon green,60.67,2025-08-05T15:55:00Z,-73.952851,40.715425,"[""neon green"", ""lime""]"
L5367,vinted,Lime cami,ASOS,neon green,15.22,2025-08-05T20:39:00Z,-74.004763,40.726231,"[""neon green""]"
L5368,depop,Ballerina flats,Mango,black,89.83,2025-08-05T04:09:00Z,-73.996711,40.722438,"[""ballet flats""]"
L5369,ebay,Ballerina flats,Zara,black,129.64,2025-08-05T14:47:00Z,-73.962188,40.718444,"[""ballet flats"", ""mary jane""]"
L5370,ebay,Acid green skirt,H&M,neon green,117.74,2025-08-05T13:01:00Z,-73.958844,40.71278,"[""neon green"", ""acid green"", ""top""]"
L5371,depop,Neon dress,Aritzia,neon green,75.02,2025-08-05T19:45:00Z,-73.999121,40.727267,"[""neon green""]"
L5372,vinted,Acid green skirt,Mango,neon green,78.74,2025-08-05T14:16:00Z,-73.957418,40.725899,"[""neon green"", ""acid green"", ""top""]"
L5373,ebay,Silver tote,Aritzia,silver,129.16,2025-08-06T08:25:00Z,-74.004692,40.723829,"[""metallic"", ""foil""]"
L5374,vinted,Chrome baguette bag,Mango,silver,79.41,2025-08-06T18:30:00Z,-73.999214,40.724516,"[""metallic"", ""bag""]"
L5375,grailed,Neon dress,ASOS,neon green,116.13,2025-08-06T08:26:00Z,-73.960641,40.729836,"[""neon green""]"
L5376,ebay,Acid green skirt,Mango,neon green,117.8,2025-08-06T18:07:00Z,-73.959861,40.71126,"[""neon green""]"
L5377,ebay,Chrome baguette bag,Urban Outfitters,silver,83.69,2025-08-06T07:14:00Z,-74.00048,40.729711,"[""metallic"", ""silver""]"
L5378,ebay,Acid green skirt,Urban Outfitters,neon green,116.5,2025-08-06T06:33:00Z,-73.961615,40.720306,"[""neon green"", ""top""]"
L5379,poshmark,Neon dress,ASOS,neon green,33.16,2025-08-06T15:01:00Z,-73.962749,40.724436,"[""neon green"", ""top""]"
L5380,ebay,Metallic shoulder bag,Urban Outfitters,silver,85.6,2025-08-06T01:53:00Z,-73.995503,40.72443,"[""metallic""]"
L5381,depop,Mary Jane flats,ASOS,black,83.48,2025-08-07T10:55:00Z,-73.999637,40.72667,"[""ballet flats""]"
L5382,depop,Neon green top,ASOS,neon green,24.8,2025-08-07T09:53:00Z,-73.963939,40.729899,"[""neon green""]"
L5383,depop,Neon green top,Mango,neon green,82.82,2025-08-07T07:41:00Z,-73.961091,40.727053,"[""neon green""]"
L5384,grailed,Neon green top,Reformation,neon green,74.07,2025-08-07T06:41:00Z,-73.953827,40.724588,"[""neon green""]"
L5385,depop,Lime cami,Urban Outfitters,neon green,85.28,2025-08-08T06:40:00Z,-74.000264,40.722519,"[""neon green"", ""acid green""]"
L5386,grailed,Ballerina flats,Miu Miu,black,79.19,2025-08-08T11:50:00Z,-73.951005,40.726814,"[""ballet flats"", ""ballerina flats""]"
L5387,grailed,Ballet flats,Urban Outfitters,black,76.39,2025-08-08T05:24:00Z,-73.948402,40.712803,"[""ballet flats"", ""mary jane flat"", ""mary jane""]"
L5388,vinted,Ballerina flats,Urban Outfitters,black,158.43,2025-08-08T00:20:00Z,-73.995435,40.725985,"[""ballet flats"", ""ballerina flats"", ""mary jane""]"
L5389,grailed,Foil mini bag,Prada,silver,57.2,2025-08-08T10:43:00Z,-73.996699,40.726693,"[""metallic"", ""foil"", ""bag""]"
L5390,poshmark,Neon dress,ASOS,neon green,65.66,2025-08-08T19:13:00Z,-73.956308,40.718775,"[""neon green"", ""top""]"
L5391,depop,Ballet flats,Coach,black,65.66,2025-08-08T09:10:00Z,-74.00232,40.722104,"[""ballet flats"", ""ballerina flats""]"
L5392,depop,Acid green skirt,H&M,neon green,113.69,2025-08-09T03:04:00Z,-73.952402,40.720277,"[""neon green"", ""lime""]"
L5393,depop,Neon dress,H&M,neon green,49.18,2025-08-09T09:49:00Z,-73.962133,40.725026,"[""neon green"", ""lime""]"
L5394,vinted,Neon green top,Coach,neon green,54.02,2025-08-09T07:05:00Z,-73.960843,40.721815,"[""neon green""]"
L5395,vinted,Silver tote,H&M,silver,57.28,2025-08-09T17:55:00Z,-73.997457,40.726569,"[""metallic"", ""chrome"", ""bag""]"
L5396,vinted,Neon dress,Aritzia,neon green,109.07,2025-08-09T14:49:00Z,-74.002604,40.727238,"[""neon green""]"
L5397,poshmark,Lime cami,Mango,neon green,16.0,2025-08-09T03:52:00Z,-73.953986,40.72345,"[""neon green"", ""acid green"", ""top""]"
L5398,grailed,Lime cami,Reformation,neon green,38.48,2025-08-09T18:32:00Z,-74.002473,40.725624,"[""neon green"", ""lime"", ""top""]"
L5399,ebay,Square-toe flats,Prada,black,64.19,2025-08-09T01:49:00Z,-73.954634,40.719258,"[""ballet flats"", ""ballerina flats""]"
